{"file_hashes":[{"block_hashes":["4WgiW+DVzavTyNwzKhFlq5ikedGxih57axtBkbwHJig="],"block_size":4096,"path":"background/config.js"},{"block_hashes":["KzLsGCAyCPUaQM5fOmzd0jrIRymToAAtZHXGhQVSyr8="],"block_size":4096,"path":"background/index.js"},{"block_hashes":["/+sF0uIRS0uaj+u9eLPspeqYegPup0SGN8pIuFv1JE4="],"block_size":4096,"path":"background/proxy.js"},{"block_hashes":["0t+z9oWqM+QlN2+1MOGmgZSPIkgeaM7F1sFWdtg1OSc="],"block_size":4096,"path":"content_scripts/index.js"},{"block_hashes":["OwACaW8nnVn3GgXf3bJL1Sx39+L+dlIW2WUhXEuoABM="],"block_size":4096,"path":"content_scripts/proxy.js"},{"block_hashes":["PvfiBiBO4EehYOGugQUdUn86/5G5Pyp+OGoZU7LiOGc=","Ha+zcrFy91GE/M9RxAWFuI9GoqmEh2wdS+Hn2M9IMMY="],"block_size":4096,"path":"content_scripts/unlocker.js"}],"version":2}