{"file_hashes":[{"block_hashes":["c7KzIdrxYogapttLST70DeyxrbUoXZm1pCXlNSM/yCs=","BBfL+ybjKyy82OpinYerGMOsDsEcYgj9SJqvI34C6G4=","Ce0nEux2a9tKUh1wIzLsf09yseiXAC5uny2zX4GrwU0=","wKs0fQ45/xE7/ty0ZAsO3FRn8SZpzws3kxLUmUY0iYo=","B2aHL1qF+ZNabHJrW/wdCiRyVdPbky7Mpgx0Hdc4nPw=","N95kJoK9u5WzfDk1J72OWeuSt4WPQSRvpC3wu4NLP2U=","MtkqFbvkfH8thfOTcnt7SR9CaDMN54uYtGcVC0C2uu8=","2v6zyxhs3OtAH11mzfex+v2TtY3D4FYXf5L8XNgIX+Q=","EK5Ptmmhgo5farFydtdA2vZyY7ftKrpLTD33w9DpCDw=","hSv7zkUdsoc2mrI+CKbQM9euzKGl03W+cBRAvDyf+0A=","Ul4JscwCXTP0+2/iWsmM4+m/zm9MK1FhRFJfJQSsV9w=","TESwTvauGh+irMjMhc1mcN2Yt7R/z9kx7n9UKdi/1oU=","j+jFeJRXO1Bfqc45y2DmtZDKHrlJ7Ie60ddkLJfllqk=","m2BKwK4UVbUXkv49CTORpTcV8tavk6rcv7LVN97aV9k=","V8CsuSAIhxBC+Ej41xjmqnTVZAng00W9vj+67uhik2E=","MzkNpxolgF4v5wluAjM0wTFkA4yBTao6CXusfipB3kA=","QuJ8pipXiH14xsNTD2jUDJxQCJxe16ugzlU6H0aqtyI=","dzEEnW8YdDexw1CeeVA+aDMRtVUzFG1w3fhIfh3PzwY=","dYEftxE5hXgUyg6Muv6FoHRnD6g66LYGk9CWh2LVrUE=","wVLNx7tJnIj3Cyaij2NfDcYVnjtDX/iwotHEvNVjcOQ=","Y8cbduiwkxept+CpMLvbkuVggfBluuifYC9ZDw03MF8=","ESLoYSfsFksVEmaTOGN5pMQFVd/qMD4dl4uCR8lHw78=","9brJxaHjyF+eUmWsrHpJ8NSIRo4kwfLEmdE266eg8c0=","qZhFBwiOEEM+aymUIOVLFN1wvxupC59Hr+sbMTIq/HE=","Slbr9ega2iuIDOkVW8+WvbnYUOJuTgwTERrW5cT1Zag=","lEv7WhXYmeuRezUtXUstdUIUGmkdIF/OH73gu2U/SHc=","yF+e033LHG0R1MHYrUoOV3xIXhnIlwO+ADD50gkHNtY=","ken3LqnJzSD5S+XST7J3py5s4zAZi+K7qC3HA+p3DMs=","YWXdK8Cc9FBrf3SkpYehybVAIpzV13J9CCJL4V/WZ5E=","MWsUndZFjbBHiLo2991N1btBwLNaEGc/LBGlsGmdPfg=","Zwlh2wIbG9d0RbgoUmVM4/CfRK8e8MBhMCz0gAut/Fg="],"block_size":4096,"path":"css/bootstrap.css"},{"block_hashes":["ZTF8TgvbSp7VkJRu0g9CUsqgnHJJ2wuIRvMhnM9Q0K8="],"block_size":4096,"path":"css/supercopy.css"},{"block_hashes":["zQqgax7s4YYE6oFJm2QkD5NiBX2AArwZdvmGImyGL0U=","x7yoXVagEHoaoj1TvwG+mXDLGdy2rlbkfefz+MuoPIk=","4m+KcqHyEqhZfhHRYdjvcMaLiWmq8kG57dnXFBM8yA0=","KFWQQrTm6nQDPIym/tMw9LHjVPqow07H12dX5G14Ib0=","nTC4avYu3XPKfdxZbZiYtW2+LD2L5LgJDu6ZYlpFIyA="],"block_size":4096,"path":"fonts/glyphicons-halflings-regular.eot"},{"block_hashes":["DUIK+6TJHoEp2jz/YLIV7zUkVM/ZxwjyQWYnxBK509s=","EaJIT3GtLhdhg3tvJOYn2P5dzS5C8vr5AokL0ONmLHw=","sZ2L1G/3/cleL14J4US8rGlHj16NufwMNPSIjVnTHrg=","D67Vs5rnX2UVs/mVKloFe104qDdbYSpKnsvvmEOTBeo=","/cQP0QfV0v8engQgw96aXcauED4PXSEW4W9S6bvL1wE=","KyVrij5QPBLRcH4ES964CFj70Qjnp5tEHvOmfoxsP1w=","8f2TqS2fzr1gMc9BZg9Vw3JBiPHL5OD5q18F7m3JTow=","zo1YtWhNsKfH252COTV+Oo4tPmMD96L9hsMi7OQH0vw=","fi5ZEmMqb2V5Qoaf24KlM3HQ/zqZla+VBjZgQ2mxKW0=","QM2Aa69qUqql07oWX9DMbQfjfcuq8hGnm33gqQtCmzg=","G0c5Dkpv4bg0FSJOyi5ME2wzkxlilFBr6PAi3YOvfq8=","9a+NSOts/TGc3gOqJ7QPe9brvs/WaSIY5XRuW97SLyw=","Li2Wv6bY1qzBMWp1xdFfwVV3c5tfGa/UL8ZdIlfdFI8=","cWMV4XRYcbngrUYyt4TZFVW95aNZbwq/TH9OrW6rghI=","N7+GuiEpFGIxP251yQ7F1ktL9AAw2FK5fytwYuXrEjg=","wf1EEOHe+LdZ9bji09Iy//Vm2S/i0nYVxaacyowVSzU=","7xeSE89C6U+5W0sG/HeQZgIXDyVHhACxTumhnXAVE08=","I+IAGMaeqIebb7wNmSy0RFPaxXZHgwYkJfIEIuxBB4k=","4OzGv6KDnHXtmeWmyUML2ktNgtfjC4OsBS2Nu6nQ3s0=","rSKPol330BImFqKWPMfOaJgc0C7tmOE3+zmVseTXBsw=","tDVjIBbSVzLhvpAxWvj+o4w7lfVYPWoq6p/dEk8DGtI=","FPyIC609pdpgigaTauAOeKLZCCxrb8h6y2fqVw1cJ7o=","9+gYNgInDhMyGt80U7vGLoEfsH3oj7sltR8ZCVYo8rA=","QnfWd0GlbASOFt2Kihp990OjxjkT3tdJ5D5C8exUS68=","ag1P5rQCyxd/ZaHxTOU496h7VV4WfNDnzreGElkfmVg=","ZOh5vratCC7AkAR+YvKNcxrvGGzTxLCde/LIJLbHzxs=","WlIwEEGsSgfslJRC+VGcwQ+q42sWiDK9iBQh/a1K2BU="],"block_size":4096,"path":"fonts/glyphicons-halflings-regular.svg"},{"block_hashes":["UQj8MednkP0CqG93+1hlZyJQIciadgSIQlkzFPuqO9g=","3sCb/Ral8Y5shh+upo3ZR7gr1mI0msBjOtDvOfWSP+I=","ejnIlqNn6/Fakv8AQUVxAkrgSsRImTiQFmAxopjNdFA=","+L5zRUb1EB71EhgV9Fxo7ajdmKMcnq0SyZpyT7wIpa0=","IO8iChrU81ZJhPRC6q7d3V8L9CPoB1txCv0XP7JVAxA=","CkfllfXJ/oRgYeBZaWZ5d96ndjSzl8uktfNuiv1gTu4=","29HrB/SGUYYSTJfZRctxQgeEQKIY5UF1eMTNg84xLEE=","Jg3FaCS6EeWIDET69KrSbR1aejV8kl0tE3UqO4R26eY=","x8uslvxbe193tQlYrst8RFjBUqIqo4lWWnW9/zH5CDw=","c2hlBrl5UT79AV+ypuEeUmx8Y8awJLYlL4IKv2zvYbo=","6JyPFL+/Cyoa5sGRXhW1wsrYQJLnoo1S8zgxfOF2Pdc=","qRF25AvxvZp1VJbl5MM/5EG52WJw/1IQ7moAS3vhzVo="],"block_size":4096,"path":"fonts/glyphicons-halflings-regular.ttf"},{"block_hashes":["tZ4ReWw8lCN2x7lofUv3C6dqWH6iSH/i11YX7TMQ5jk=","3nCWhpueUFCeWduPaAaHIbx+gr8PorpnNeF0WBj+zIk=","AqugiJ1m1SQmGNLvZbpRZIHbL9z5p7VhEK7UC4s7ZZU=","sb08tG9DMsNqVy3eOd2ib2hsodvpCoUv0r4as5suLtI=","2+NvT+M34sDgWPMgxomx5GN1VcQgWyNlBwfFDex9LcA=","XS/N5mwnDp03UryRNjDEs1sjZjMxjPZAvaoJ64oemLA="],"block_size":4096,"path":"fonts/glyphicons-halflings-regular.woff"},{"block_hashes":["x8H3vJO6KKS4+GI97KSNjgGFZClwivRQxhVB7hJ7mhk=","cjmKtvlezysLIrcpUjE1/eezGj3QOxsKL94t5eAMPWg=","okvqaADJ1XLyLubudIo4/jmMtmadT6ss2+qdKKQwdzA=","Grvfrctd0d2maQtDOhpGdNTeLMbSu/bbhsuJ/7Z6eGc=","tK+KazDXXmTkYt0j95d1yTYiDsPJH0dZrBuXp8R9XMc="],"block_size":4096,"path":"fonts/glyphicons-halflings-regular.woff2"},{"block_hashes":["3pcaEy03TaZoiPNyczw1fz8FO1LZi8qoHkYeLw9WjHY="],"block_size":4096,"path":"img/tab.png"},{"block_hashes":["/tBiWERq2mZ6XxscjlGTG3NHZmp8XM0EYvKTo/bgNzM="],"block_size":4096,"path":"js/background.js"},{"block_hashes":["sEzkTG39V4PYus0LRnQkoUCQHxMNho35aPaVtIrclEo=","se4N8xuijRTfwDuPZSIHy+i1PCNxuaV0DV2I/Bn4jkg=","iAb8BucaQpcEvW7ZkaoVDnr4ORrbJM7sROecvnAKajs=","D8dl1GJ+GhM6FABfTIw4tupOHWuGaKsCaw4pL4d8nws=","DvroRCams39jfOUpV83Jkg4a3MgLamvrPSUz2vOZf2c=","XfYbsGLc96Ul7fdLq9dzSU+NBC5b4qDKJvlahoXoww4=","aX5B5s5gfe6pYRs+EH7pKn7OkuWXxofpiwouX52il4M=","TrE+S4Utouor2iqj4xhT2tn5Ex0K68l2bqXBDTGDBEA=","ZorbE+xKSmFaQhcAhud+Go2VoEnWzyOT8ZAbEldQdMo=","CvfkBVA3p8aMvgIDwFXQF3Li4ZsU8Y1rOBzPynnouDY="],"block_size":4096,"path":"js/bootstrap.js"},{"block_hashes":["a/BAlSSBCDHbprMhIUAb+4hslefPLVzpS5wzbRvJhu0=","eJGgPswmnQzd10cxQJHlrHe2VEDZDpztvLvEpD6Zh6g="],"block_size":4096,"path":"js/code.js"},{"block_hashes":["vV4Nuc71F7Z9qGYEccMZ3nx5kO0NH/lu8cjMHmTqfbQ=","crlob+7SQSbgQit0EVt1yf4cqIzWRjO0fhYSZvOKGqg=","9MGcatAWTDHIdG27a5SYfdi5qHg4vFLHipmixWLAx7s=","RdRVPxitbdCrC4gokDxP7kq2o6O0kLMPq42oHX/cxAk=","gBhxbiC5QRJJJ/mbd/xOzVlus+fozdIEToAg91QLkgQ=","YPyfpLuYvGPQhW7IwMDfAF/K9uWD14YIr+Ojgsv8Uu8=","liFLoMXw4T23JM+DhLTvrj3Le25VLQOjioTEUjM23A8=","4EXdeGLdOznBFYAF3oMcRrgR5p1vLmnYNC5LJgRQt7c=","GTq2DwJvCp4BzndUIxbb7lKZTofQyluhozg8CwJ0Ghk=","6e78tcEV2p5uziGfMC/Sm2u0dmrAlkq469AsVeS2jog=","6gvRG4NvDU2bY2QxpsIixjxjjofUK1KoZia55PpmvIA=","WBunrLkmomcm552zCY4ZygZJi3HyzSHvK+eJnU58MY4=","EszdvoJIl+j4fvRmExrFeQhhUyaxZzwVCBMzhN/Q7X4=","HXO6JxhEaa34LbDrUvKolX8A41UP5bfzeKl4ulM5SfA=","sumkuS+gk5K/MThusirIgpx/0RUbh+w0JelSG3WDHtY=","M1ju2DLGx26wKp+MmhG5mwQPiG1pJltKWPHMrbvDvrs=","XFCFxt3DVE5jefAXR/mgpDxyVelYXFG7lcvr9dlf0gU=","q6Te7+dPQ2awg4hMTl6Wv52C6wN9QOO+gU+Xa5NvjJg=","QqbVFC0zu/hmPMhNEHYvCba/Qxda57IvW5lObnM+dhg=","m7AAjiXDy3xwjpUmZnRQuag7MDneG7ThoUgPDxIjuqc=","bTrhsjm5UpffDQEh39neCpMLEDDSCFwXSa3YPiIoo4c=","sbNT2GW5k7nBiEOyGtgz8T4a9Q98CHwigRJaIRTP/TA=","0rhYpSZ/Gs97su7r+j45EvCZhOEoPgB6dYREBsU46Dw=","EKYmUQK1/1guoCj8/KHAf9EHmzggNfRVuawXOQ2Dqh4=","pDvt4ZPzUDekuuBclVPnL7JG4zrVzb70pE8/dyMISGw=","f7u8CYXhwX0yagV50SJ/g5TCUDjloUWn3G3WPap/d+A="],"block_size":4096,"path":"js/jquery.js"},{"block_hashes":["m4LrTs8gY26bk854BCdNwrgbLkH0SQM+eiPeOQ4qGLE="],"block_size":4096,"path":"js/option.js"},{"block_hashes":["bnhpcBFa2DtOFajY2QsRug5CiJDKVaCpk19PzEk2Vv0="],"block_size":4096,"path":"js/popup.js"},{"block_hashes":["IfisCx4cwDJeQzoT18ptycizDNlWLgXrmvAsKLdqw6U=","kyhb7PwMDcaDOH7B7oPx/Swak7b4brwbJCgloQF43z0=","40DoAoiq0j7nh4boJk8NRfrVuLac0WGUVD7aCA4plLM=","FRPa+KbY/gxerJicBWitPkEQKyTSsPxkoZ1q8NDz3Bg="],"block_size":4096,"path":"js/system.js"},{"block_hashes":["5lzMyyHvk4Xc7xZU9wYyAFE4U4oOH0m3XLLKeZQ4DYg="],"block_size":4096,"path":"option.html"},{"block_hashes":["IHz7A8MpaWTBgvioHAf9pBIsSoo74jjlKWZbgeq5HIg="],"block_size":4096,"path":"popup.html"}],"version":2}