{"file_hashes":[{"block_hashes":["upQn89LXS6BEiCqevxJCXu9/57oqR+oz/Pg7jtn5JeI="],"block_size":4096,"path":"_locales/ar/description_from_webstore.safari.txt"},{"block_hashes":["5iVJB1A8zfZzum+E8xPrNwYgnqT2bw4IMX/Fa2BF1zE="],"block_size":4096,"path":"_locales/ar/description_from_webstore.txt"},{"block_hashes":["K46kZB6XDLxC+ZoBid+qszIjF/jtYF1XMIdnhENwUf8="],"block_size":4096,"path":"_locales/cs/description_from_webstore.safari.txt"},{"block_hashes":["gXl4L8Oj13FFM/F99wKL1lMOhC1XeS3Ld8uYX6Pe+2o="],"block_size":4096,"path":"_locales/cs/description_from_webstore.txt"},{"block_hashes":["x57Ar5raaKSn9EOkTdeDRZXLlp9tvN4EfgXBw69Oa0A="],"block_size":4096,"path":"_locales/da/description_from_webstore.safari.txt"},{"block_hashes":["O3BTYxiNco+f1X+0LjMK1Mckf4jRz3olavvnzGukIY0="],"block_size":4096,"path":"_locales/da/description_from_webstore.txt"},{"block_hashes":["ZGu2g0bVD2i+hLAAKDTBDYB83Ip4Jf01y0ZCP/mOBTY="],"block_size":4096,"path":"_locales/de/description_from_webstore.safari.txt"},{"block_hashes":["934tJqXImk6m5DE3BHaEmkjnf/XZVTFEOM3tz1wAP0o="],"block_size":4096,"path":"_locales/de/description_from_webstore.txt"},{"block_hashes":["kDsD/kB/Lfq1M1MLdp3cw6GoII/sawlva+boR+c+mAQ="],"block_size":4096,"path":"_locales/en/description_from_webstore.safari.txt"},{"block_hashes":["OT7ne/TJLTCE5Bfaq5CZ2i+DZzBIp8fjn/oA5LorjVY="],"block_size":4096,"path":"_locales/en/description_from_webstore.txt"},{"block_hashes":["EczXh4wcVhGii/1ndJw38Z5L6BTwdFg6GeIMNDz7X3g="],"block_size":4096,"path":"_locales/es/description_from_webstore.safari.txt"},{"block_hashes":["X0nnOTbLP9wBPr2wCHN2yh1poJLBOTchVLAUc7RGGa8="],"block_size":4096,"path":"_locales/es/description_from_webstore.txt"},{"block_hashes":["gOnA6T6KIx1pAcj+Fv6UVQtQAnLCdtZgu+/FcI1qY8I="],"block_size":4096,"path":"_locales/es_419/description_from_webstore.safari.txt"},{"block_hashes":["/eJeSP0CnxUNKZxKuxtQtkcdClNOxzNkFuAVyU7zrV0="],"block_size":4096,"path":"_locales/es_419/description_from_webstore.txt"},{"block_hashes":["SPPhtyroZcvSvi9uhkDy/RBK5A8R0zNABri5aHGPsTc="],"block_size":4096,"path":"_locales/fi/description_from_webstore.safari.txt"},{"block_hashes":["cLU6sGXBs+qKyn8eMXgHVKm6kJDjzLsjenLAJ3ct1Gw="],"block_size":4096,"path":"_locales/fi/description_from_webstore.txt"},{"block_hashes":["57lwbxRO5POARS08Tzfa+GqL/NXnj5fT3FfGt2OypBE="],"block_size":4096,"path":"_locales/fr/description_from_webstore.safari.txt"},{"block_hashes":["g+/4jzLaR1tbSG7AA5cUav6nn4m0j4Hprg7fThNQbKE="],"block_size":4096,"path":"_locales/fr/description_from_webstore.txt"},{"block_hashes":["p0bXwk3IgZ2Mi4st4QJaysH5VkOWFoH4/Ymri4lwxuE="],"block_size":4096,"path":"_locales/he/description_from_webstore.safari.txt"},{"block_hashes":["HijnPuLLU+jYGomOWECbWaj/4Tij8GbN+P8hoK6VDrM="],"block_size":4096,"path":"_locales/he/description_from_webstore.txt"},{"block_hashes":["Z9lAYWDvu1OeRtiQK3MKBDkG2z/z3bSHuyuoHEVLwCU="],"block_size":4096,"path":"_locales/hi/description_from_webstore.safari.txt"},{"block_hashes":["Udj4Z0D2Xy+eSa7t0DeEV7aT3vMVAKZyz/YSQx/Ws80="],"block_size":4096,"path":"_locales/hi/description_from_webstore.txt"},{"block_hashes":["3n/NrHy5m8ZQxaXF6384P3JcXW65r4gLlXEKmq8KUYk="],"block_size":4096,"path":"_locales/hu/description_from_webstore.safari.txt"},{"block_hashes":["+KjdP6rKZyux65t4K5fZE1gAugAB+/a/7YgXDE0DxD8="],"block_size":4096,"path":"_locales/hu/description_from_webstore.txt"},{"block_hashes":["Wha8yUSSS8Iy4lSSYDsECGCoGG+7Oc8W/h11cBKStlk="],"block_size":4096,"path":"_locales/id/description_from_webstore.safari.txt"},{"block_hashes":["bg+QIAV8WSRwwzN5iiEPho+c3B/4OGB1t1umyKODjcE="],"block_size":4096,"path":"_locales/id/description_from_webstore.txt"},{"block_hashes":["nolkixDXNwvdsZkbNxqBwL9d9JdKz7fKm1yiRXm5PTw="],"block_size":4096,"path":"_locales/it/description_from_webstore.safari.txt"},{"block_hashes":["9P5v8YZaeI0JbJXyh3PYsuGMfYzStB45wqcMzQIKQME="],"block_size":4096,"path":"_locales/it/description_from_webstore.txt"},{"block_hashes":["qUqS7OMid8luJ0CcdAbEuCeIQ807sgWnbgP28l+Q6RA="],"block_size":4096,"path":"_locales/ja/description_from_webstore.safari.txt"},{"block_hashes":["Od3xU9cjvoqI+5yEE6dvrqgLWcwhS/bnt0ALzxEZM74="],"block_size":4096,"path":"_locales/ja/description_from_webstore.txt"},{"block_hashes":["3UpDy0/+nVlqyefofY/Xu1kb9j5y0RvUvGfWLfDPRiY="],"block_size":4096,"path":"_locales/ko/description_from_webstore.safari.txt"},{"block_hashes":["eGP0Q+NNIj+Alx1NFlqu7u6ScLl7UxJXkFk2+XPX4tw="],"block_size":4096,"path":"_locales/ko/description_from_webstore.txt"},{"block_hashes":["xijceMsxbobl6t2gbPNMvke3fdyIPveDIgK4H+pWKJM="],"block_size":4096,"path":"_locales/ms/description_from_webstore.safari.txt"},{"block_hashes":["7UTQ0xnP+T3EUswsBZiBxWWOKqO1QKUtTBu/6wRYbWU="],"block_size":4096,"path":"_locales/ms/description_from_webstore.txt"},{"block_hashes":["/jKn/MwgCDLAhJzpMqW/qa4/l0B5eoaCM7HU3+HEe4s="],"block_size":4096,"path":"_locales/nb/description_from_webstore.safari.txt"},{"block_hashes":["OpMs1Y6Kua1D3AiuOQ7afCicQvA8egH9HGwG1zYGXe4="],"block_size":4096,"path":"_locales/nb/description_from_webstore.txt"},{"block_hashes":["/DZvNaghQplWR1/EN+sPo3oV3rMGnM8ylh4bJG+THPI=","Lf2JoIVCTUZYCyPp6QpFINNri4G6wChyYzVHmzebLbc=","pbfusXLH2RSF99AIKc3fSnliFX7YjsF9tp6zb7tsKAU=","KlZJy+ONrVu9IrvigPO7l5ApKLk65FqlK4f6M/yAmA8="],"block_size":4096,"path":"_locales/nb/messages.json"},{"block_hashes":["i32Rc7MT1N8bqWky8u3y66kXJA4OyKo7Pn1qhVaBFFU="],"block_size":4096,"path":"_locales/nl/description_from_webstore.safari.txt"},{"block_hashes":["Ltp8NHGjrlR+pP0K9sCEShLHYQ1CF6K1MP3tlU+R8Cg="],"block_size":4096,"path":"_locales/nl/description_from_webstore.txt"},{"block_hashes":["KLZUErCMm9Iex34voXvD/gtxGiAD7BEIKVkxzqM8quc="],"block_size":4096,"path":"_locales/pl/description_from_webstore.safari.txt"},{"block_hashes":["hQcgnbjGjFNkkessNvlHjkzXkbZfVjvshZQUwGLMLTQ="],"block_size":4096,"path":"_locales/pl/description_from_webstore.txt"},{"block_hashes":["nitnMyD2bnesSgXPfUvPuSJnBUnxTpC0fnd8dVxsQ9Y="],"block_size":4096,"path":"_locales/pt_BR/description_from_webstore.safari.txt"},{"block_hashes":["6gJfPggAvpCS2KK9DOfG/xjKxCov0ELHR1RYFSIZaCo="],"block_size":4096,"path":"_locales/pt_BR/description_from_webstore.txt"},{"block_hashes":["x/ToikCHKmS/nk+Y6DMy/ZTn7cEVVhIiwHXa8vBBq1Q="],"block_size":4096,"path":"_locales/pt_PT/description_from_webstore.safari.txt"},{"block_hashes":["ZdYZqfJ29jnGjIV7RQ4P4Tq2qI7LlgBVhDIVaMlKOdY="],"block_size":4096,"path":"_locales/pt_PT/description_from_webstore.txt"},{"block_hashes":["E51zOmUdQIMPw3enmYvj9sqgkUVBhjRyy1jIhjWj5xA="],"block_size":4096,"path":"_locales/ro/description_from_webstore.safari.txt"},{"block_hashes":["FpGdtKE5h+wSCvo5fgh6P59RsJLOnMN6hpX2zFZO1DU="],"block_size":4096,"path":"_locales/ro/description_from_webstore.txt"},{"block_hashes":["7o3oh89v61Ja60czjOyxQQCBi7JmiYemNO+YcMmEdBI="],"block_size":4096,"path":"_locales/ru/description_from_webstore.safari.txt"},{"block_hashes":["ZXgASU2nzMIh1VTMQeQCZDNfOQxYzixq89kluUai8/4="],"block_size":4096,"path":"_locales/ru/description_from_webstore.txt"},{"block_hashes":["IurIIr8h/l1WorSaWEN51KVipKmdX4gEzC63CaFjK3Q="],"block_size":4096,"path":"_locales/sk/description_from_webstore.safari.txt"},{"block_hashes":["Ixfmde24t3oE491ez06xXEZ/4edte+HGsjR6W4LaCp8="],"block_size":4096,"path":"_locales/sk/description_from_webstore.txt"},{"block_hashes":["L8k7Jxy0hLQoFnrfmfTsQwmVfiLz0Qg4f/0Y7v+dHag="],"block_size":4096,"path":"_locales/sv/description_from_webstore.safari.txt"},{"block_hashes":["NGxYm7f182NCM4OXC8YXifXf6+IM7U6zTZEjkjSrRNk="],"block_size":4096,"path":"_locales/sv/description_from_webstore.txt"},{"block_hashes":["fo+hfvR5/evBZ7sLk121fHEUkO9gFoT1cFdqF1wAky4="],"block_size":4096,"path":"_locales/th/description_from_webstore.safari.txt"},{"block_hashes":["34MHONuJ4EYzybRiuCC4Mhj+8x0RapFHwXpdC7MEEVg="],"block_size":4096,"path":"_locales/th/description_from_webstore.txt"},{"block_hashes":["bF+m4WkHqzcyS+mb3tK+T/Sq/P/o0isAucmpraAfV8M="],"block_size":4096,"path":"_locales/tr/description_from_webstore.safari.txt"},{"block_hashes":["unqzEAsHp4Ttai3goTddOplXqXcav+R3cpUWtJO5ZiE="],"block_size":4096,"path":"_locales/tr/description_from_webstore.txt"},{"block_hashes":["jZvmeIUc1QZBwAD8pASeYhd0n8zOKNfLiruzbnCjs+M="],"block_size":4096,"path":"_locales/vi/description_from_webstore.safari.txt"},{"block_hashes":["qqXB7mpR4jF9i/s/w7/rtNsqv6O+VLlBVJ8yfhxiuE4="],"block_size":4096,"path":"_locales/vi/description_from_webstore.txt"},{"block_hashes":["/YR7hLf9itNPEIoNN3JdHSKk6T49ATTKuHVoYD72QWM="],"block_size":4096,"path":"_locales/zh_CN/description_from_webstore.safari.txt"},{"block_hashes":["sPZ6ye4SALePYCb6A17JXcZbyYmnjrAFMgcr7QH6VPU="],"block_size":4096,"path":"_locales/zh_CN/description_from_webstore.txt"},{"block_hashes":["SSMWgu8JbPpmTGXHs/JytnP083M2LOnBiGjhugfU8ks="],"block_size":4096,"path":"_locales/zh_TW/description_from_webstore.safari.txt"},{"block_hashes":["+oDPIEG8S9w3MJWcsqLQzu9oD/RQQBLXesVfMRCRBT0="],"block_size":4096,"path":"_locales/zh_TW/description_from_webstore.txt"},{"block_hashes":["cO27Nck4cF9BURSLvWcptQKSu8pGe62LK/8IiT+heH0=","t0TZLA02FLdCuNkolRu7Ra9z8wvIHmYtgVcY2vumvSY=","oKTd0OuJ1lW8WI+alRXNM5B1o5VY3puVDeGwMlXfbk4=","hHUe5Y6zegwvmM9SK7feE4kFHd4hWjgTPyvt3fsA5d8=","F4lLSqsarpYq9XgCTLX4BczuqSUQ3BfxtjSZZNUb63o=","aPkP+je11+UCLDvV4L3P6GewG0D1iP8aMiwZCG48Ib0=","pBJnVEYm6s2Ti04QUlRyQMqslrTsZtmmMBvbT8T2HYg=","MW1fMLZ7rfIMhPxkvRm4SZ5uKdX+sDCa6IFlmD14kx0=","hqr2HMLnEmLWolJz4tgMxe+yscLvs1xTxS1xUuzpeT8=","hkn5JH9bVOWouRwV1kYW6JsWD258jgXnHDJGkQ4QkJ0=","Wlwe+azKsh3RYVV5DQWxEO46Z//LlAfkHmnnHuSDxFw=","je21XezMkViunG2IcOmBwU7zp2/7lidK1meaCh3f6h4=","nJXWj5emTvU35yDr6Nw43t7DnvVLEE0/n21iZsiultM=","E1bTxgCwWTTtH+LjYq7W1/felFz0JVr5C8aFyQ45XhQ=","JcYmkrwMxynDe3q3Do09t/qbbdz9FnlM/g8cWXyttxA=","aCkVS6rEDScYoXfKFcBt5NSONxzvldK3grx0LWkotJ0=","wR1AELfNzg05uF8ImsrgzWV/su4NLnmvmqWo6hmAmwk=","CkKXcy5Dpz3WRqbazCVB7/kTEgFJndgYKGgIM3PfV8E=","uoyjrGYuZwtBBVNMBbi92/JYfTZ6Eo2ZFWDh568Tbio=","aCr9Q3HD0NdfD4JSEvDOrHbwwlM7XjniBa94F5BrzPE=","M3sPbpWvmF48sE1aQ38P3kaRgozqf06sii4nop85fsc=","yycZvV2IyXsNWPvM37qzxEun5/5FOiQFkLTwv5tK0V8=","TyLXUIwyb8EDhyY0uwwHew3VE7gdjkQ8EAWr43Q8VLE=","unHEEN23GKQ/YtRobeUVtHmU2QJDQiswlH1NVbGKPTQ=","an3YYhHNO6GzTNiLuavCOyTQfPvCJgshtf+3YFb+buA=","JHS54LPij6rZhCqD12FqffY27RzlLxYNDELyq6d/sqc=","8+F4wZoigq30LK2QxAHP1dJt61VCRknNmtrnhM4Cg0A="],"block_size":4096,"path":"ext-onetab-concatenated-sources-background.js"},{"block_hashes":["imtsVdF9Yp4qwt8WyQ2Z9rz8nRfh/mI7k5ikbRbE9jc="],"block_size":4096,"path":"ext-onetab-concatenated-sources-contentscript.js"},{"block_hashes":["kDYnWYJccXS60QoID4Qs3vRDJus5Z5Gn76ByBFt/Qww=","ReZKFb6bo3xyqdBTfBxPLz5Zk7Ypeo91uqTz/gU9A0o=","hfTs/9Tq0WmfI2huqwYWJY/sc17N2UxZ2zEPd+9/CkI=","EC6mhddpQp+lhgeuhBOACFrV/O3+YgoTV0mjquqgBBY=","VR3PGbW5rbeJ/tLPtc4j2NDrcV+byAL5vBaDPZjGYPE="],"block_size":4096,"path":"ext-onetab-concatenated-sources-import.js"},{"block_hashes":["trQ8qMjzbOftTkUOW1zmCMSWrRK0n+zwwOob72SEdH8=","XioFsZzWJ3vsGGilB0FKHS2s5+/m29rlJAkJk+66MW4=","K3mux5cCrXdMM2IFcLj22Lltj+DxJOVhd+rnw1pgNfo=","NAlqQeB1pweOMUm2nHPphmGHLMR1kBCqYwEkCyad+fY=","cb5Ntj9BJf0CB/Br0g3sQugVNx4tgmCstFak8lVGPnU=","aRJj3OjdTI14zEl3HZACqbdv/3HnLP4RSgIUC3dtmAY=","rHYJnO0Hy6ykWh80m7ynOOVwk/1ELBYSSQTDB7Z7qT8=","bV5nqAdhsoScYGWKHGCX84XP2HE7OH9IwS6E8tRnzCI=","di0XTxYy12TpY6ubN8RDuED8jDpIrorbs9/yARVvnHk=","wSk6XI9aun7d31l8OiiNB/6lf6KO6LAbWetNV818Dvo=","79PvFuasuo11F8xqCyPI8408dinzZM0ZieUFN5wBV8c=","vw3IyVMffY3P7bncGvuH1Lc+3NvxPnP8SPjoXtQJqLc=","YmLmCaqzrpQOD2+immWD3LWt2Rp5VFvR1/MBk/YDrI4=","yS3Vssk5nSmeglRZuQlcifLQL0rEiys9eGD/CeI7Snw=","kvT0bhr4S1q/lAoyatO90Mb+B5rI+k0tTATxN1kGEAA=","/gmN+Xt1E6g0RforI557pxNdS9O/ZVdzvnlbWaIFri8=","/2dBcPYNhawqwzTd4VPWioCRylMC0/RHrhueMUAol+U=","CKmN6PYz75m/AAr7emDTVWxRcqYTqRWmhZzHa0OPhr8=","s15r9VGQjCUUiSXWG+i3QWP6JtTMkydZBAqlCIrGudY=","xvNVSfbhN8DretDlClOf/og3+UeCnR7AUlqH5dBMdj8=","6MeER0XH99h8G3ZK52Sct8NRKvcCS9xCPgVgZ6CIDOU=","ExAHp5REKXMwufWZ0KeNM5KW7wl/RVqlCC8KdQbR+JY=","7t0OuvFhmH6sKAWs+awV/2eEQVmTgme9fVr/zCvL5kU="],"block_size":4096,"path":"ext-onetab-concatenated-sources-onetab.js"},{"block_hashes":["C6oDpc7xCuyQR7ElzEWqiInU7/YWFbdO4Vis66ALJVE=","6staZNUupXfx3B9KdBMsMmxYqs5vNzwX6wbePID7/eY=","mVUekM9CBUVpwiHVfSnOi2H+mJthn2yE2ljoiZANB54=","IaYlKHB9TWrlRJpyFoZNh3Hd58f8y5dgji4RzW7leCo="],"block_size":4096,"path":"ext-onetab-concatenated-sources-options.js"},{"block_hashes":["pOEBXfYUZZ9ViDWH5sPvJJqL1h8X9/12S7n56XTbnbQ=","Cv0zjY+Nplq8s/rIFSpWhIiLp+7+DRspgxfCR2riN6s=","3c/4iSpMIhsrN50KCm+/EHtK4OZ1DxZG6wTROz4YqtU=","STr+Z9W46rhxEyVRFlw4IjWDzZe6It5dqUT2ykdimSw=","KruXueS4pxXFYM/BqjR0DRXFINEGr2FVqmW+rqmql3A=","aOPKQ43Rv5GoNRx+Uy0GaJiDBBo9GOQv80AydQYLftY=","tLP/F3ukjqdekHQUB8shNwwvZHM/7HTk0BAN8AREA6A=","m9SVXQXeelwF2z8gpZqb3AguTBrcPFCBTp0YytICzQI=","bU5nReOnPerc5ivIjn7JpnC+lZfNWwh4ofR2bGrT9Jw=","7j5ePb9VePxgEO3+i5shXw4AUbBsbM93b65M5In4z9w=","q5jVvtuzbqHlQYj+gpht4Yll2UeLwjgCxWbnlcV+Xvw=","iNycQbijdM4gZFwsjNtacoEAJNhp8z1+nJl52TYqIJE=","oCDv0EK2Dl9xvz853p+TGwd7OAtKUusvPToe9DyngzQ=","m04N9Dx8Fw+RWMoCbA+zEGnqrBjBpCX4JsD2OQtx5lc=","EJk0r/hB64WQ9rBiCRF7MnhBkrPiXIORNSM8qY6zJVA=","fqJXoWVjxPl1J5ZJIRAm3YhUJLaDra8NRokfAYm4cCg="],"block_size":4096,"path":"fonts/OpenSans-Bold-webfont.woff"},{"block_hashes":["3PXMkI6uOUfoht0cDw/PHpTDMk+vBU1NloBl2+/rUG8=","s6NyxAK4d3c+zDNBSs5c4usJXPuqgeAKBqJp5B46TJ0=","9Zu6b+q+aQrvuQtP32ktD6kFg7MO/F80KqwxOo8JKoQ=","u9N34fQ0+2Zjh22oIj4u21aZcYg3d/aHMLEOJ5FFs34=","WdlC5kv5xPD3EUctpsEVFFaOUPteT70j89GWPavJ+6g=","L7NtVBKQNA1YjZooltKDFu+NiFUUy6WE2glYvoL3hGk=","Sp8YiZ955seRbj8F4QdM2UWG0MCPMbBoRgde6csMYjc=","BvV8eDGBp59fHjzjy0XOmdCW5UPR+wGZCO5H/HySfN0=","OwHlJbLSuSzIvNijameoqdwdgbeIkw8BlYdfGRrzZ/o=","PIsJDe3mQ7BujVQaxNvyrPIFX77lUddFJNQ9nRPkapc=","3A3r9yWTivKUfnpvWEf8lKZFEYofWtxloLEAqDCnpqY=","NMiZkPltEKVc2//B/0bA2cefnqg30Dw7nHhlb1Z8ILE=","bEYbvFc90ipGo3TKUDKYaejVWeMU+pAtL+AdytOaGoc=","9xlLRmiUK/hXXWnDATr/rb7IrVFseSh2mhibdlmJjoc=","ws8ABvsmIbMC36qi5WZqpr1Is6+jamqVl7hpiR8m3r8=","H7BMUZSmdWla+7cxPKEl2UqRULrv9K7Z9tGdGxfzIXA=","UqXy8S6SpJwsa5BPaAIhFIfn3bIYjRgjVT9KOGV68Yo=","klLM631LICPYC77UjN/fygjyiKxF7MyjG73J7p6zE3A=","X7dU+pl+GSsE+W6cNZRxKRgcqWx9K6EtGXGI6PEc3L8="],"block_size":4096,"path":"fonts/OpenSans-Italic-webfont.woff"},{"block_hashes":["iGmCkpxRHUIdbCBQFwkgC22XOO+Gv/VgRG3ysylW9tQ=","Oij9/0d3WawpZJshgbocO6MJrF5tj1Z5Slol5ap2PNc=","2b0ePo66lrIO9YlF/q98Ekb4fzCbD1Q2iGXO5dl6HzQ=","64aU/wEefR8fkWVbIO97KcFHNSMlmzndEObu407tM40=","5+efvoEEvkgz4Ol6YPxE9xweETRkH6ZK3IiaGahiL3g=","42gHRTzEJKJdp+Epnr61fbtBL+bEeHSKctrhDuZtv3w=","ZvUYWpG/wTG4iD0xNsNQ2uj7vp0Z5uX2EOhloYdKYkA=","y8W+FcJDuPnJrU9457jDIRumy46YGN0+q2hm+2guXq8=","8ZLMRB7UHYo56A0TnYTtAS+ztZ01QzwDhWUxkWXbUF8=","qZO+oCSd9OtX1Wn+aMdZ9dVOFMdJyIvDQ0r1+Q5HQDs=","gUhQPL0FZyCrYv0NGLkFD8Ly9mOTij2hhnTXL/0mx8c=","DYR1AMScbiK3WuEk2+Copg+7k6D7Ij7qzt5OKxvajbk=","2S+OFIqs6tLLUkeYNZbqCdhKPfhKLzTUngz4xNd7bQ8=","x4qqwXvjlWABf5QVmdoB7AsV7K1f04fecoQUSwOBzlM=","jVLtq+Ico6TLd9qxUlzUSRzvvlkzIylJTsvmAHicC3w=","UZtLjT7AEu/SvF4JvbABPmfm7Wj/r1l5h3vzhpLx/SI="],"block_size":4096,"path":"fonts/OpenSans-Light-webfont.woff"},{"block_hashes":["2sG4NNSGmuWNEZfpPj0oFgr6A5/wYFGgZx10QAeuIpQ=","elr0XIs85aKPxOtl4VwNNfIL82EXiaI0E4FsX6qLOZI=","jIMjb9G4udZS9TBNeEBdnhBmvz+pq3GatDWvGKGbAcw=","q7jfF5X6mBMHjPm8rqInPFYwo+MSIp5cC2ipN4uOfJw=","ZDZZIoMm/jyhWwnyHGUWHbivR+ObIVh8SWrdnzg6LVg=","J5mGgpyGOx/w84EDDTkxvRH+vHtq6tUekkTghWFSYKc=","Yvl5lwjrg955v/SZq1ioAC6r0i0RzX5/Ih13gClQQD0=","u+CBAQMyEj9LXb8h8JBle2XCE6I2Y4nICT6fFqJO0Ac=","1jmJHBycJV5WMhjILMJ5H2i9O8malT0LHQ/W3N4BeGM=","6d2PaAjeRDwOlke6OFC2dDCcE1uyZq00p27/FJpDGK4=","EMyGmYdHKvESL77jANapJczMyYCtNfcDyrQh+tcQPcc=","xK+aI+SVg3eiuEu+1bgCxTIBnMuQsOoVhf/60FZ6Yw4=","ILr97OmUxK1rE/fo8kuZJiRVUHWSKwHXHda82iJ8gwY=","n7f9z+VXofYqIydYVmjH02qIBmrFoaYqC3iWKqQHeTI=","a/6qD0f1Aza2VzOLCxBWhQIy/bWI+iX0tafodv8h7Dw=","CWEvmv15Ug9WfjXPHwZRYMTaMfgPm4tBTLyLDz29SXA=","2iNHHwRwsRcwFlrHs1aWjkb8MNwWEzv8oq8NI8H7+bE=","6Bh8bo/kH4Mk8aEag2iFhNFncfDkEhKaypvhmeLf/hc=","S//dqG4zP1KQbEQyBuya7sw4zu8gJ7DGAACN0YwpsbQ=","+TCq7sq7IFWjE4x2SeLfamRHoaNn0auk4xYz2ZUiPr0=","EIW/RzQamSwqBPaBcuhOzBatsUPMNZsjqw4Uyz0SFIM="],"block_size":4096,"path":"fonts/OpenSans-Regular-webfont.woff"},{"block_hashes":["8mQt3mm2ZfaON9SKyZ0lcWMTE1DWrBDzg8rBa49ySM0=","bvex1nKdeKf2D+nD2gSj59HMbi3AXbuTgg0zQBZCmRQ=","cfmckvDDeXUpK64mgHqhe2qC4xrsy5rXLllQrjvfMwk=","gQUx8HOY+RcHWvAKuZoVqaNI6Tn8UsQhINXhlIf1Y+Y=","laUAd8yNjqfuxQwUK5PX5fp5QKqYD9xHfIPEyyy7pO4=","Zuh7iHa7XsdQwCNUo61ysnxGzAxUsioXZuqyoy7dRjg=","A2bOWURopG7iFo8hUQMs2ZGGG2I2sW4sKQl2to0iDno=","do4nkvAbue0u41XOkZLY5/AVjFsR1sFh2NXhXwdbtAo=","vib/mL2FGhg1htCJkImD1f/xaR92A0lnjMk9nWGN0Mw=","GwSjgloK0T2RlFHHT83S/bRyxCj0rLs66ejPy3M/fJY=","sLSjiPb/f4wcl8jcQHp5xpdYFk//haYh8PZ1uskmsZE=","JCM2tTAprcjMrdXgcTuPZXlFKq0ZHCNOpnVOIFFLiQY=","645u5z8WWQXdPQL+SX+LHGsC85V45wetFbwOKkwVSqA=","eOOpbMp1LmJVJ+dw/rKUcrPJ9YsKfrzEGWe13lO/vd0=","hc9s6ffmj0aQzoCyfcbn0t6Lo/kTS97Qjh2wfHKOB8A=","AUWanr+7JuyaNw3QZyfsRKWIJhwZRXyfkhFfTVPyzoQ="],"block_size":4096,"path":"fonts/OpenSans-Semibold-webfont.woff"},{"block_hashes":["4JeRQNt8raKywILydVAeuolkJ3vO+/RtCkin5Yz6Rxw="],"block_size":4096,"path":"images/checkboxradiosprite.png"},{"block_hashes":["OqeTJJOlizHLBlkb3cmSQxjKUIMjWXQGa5NXpdbjRi0="],"block_size":4096,"path":"images/cross.png"},{"block_hashes":["S2i7y6IwXcLduOaxvCylPIUmWq92pVj/g4qz6CC/hHQ="],"block_size":4096,"path":"images/globe.png"},{"block_hashes":["+I3kAawclm0h7Vv4FVUEldSGYB3k1NwVvgjMFrNJlFM=","czqP/eu0zEB/bKd2LxuD4xpExZgRaZvbuWaNZk1Aed0=","aYbDPjXlASgd0or5Evq9fDLVLqQPIEnUvT1d6MHOZ3k=","k8d7GnivQHD2276y3Hv0ax63s8cdKdprDbfAYvArOUc=","vi1g/xrT6b5AjQr1LvlqvQjv7TNzp0vkJ7sBq6gGaaQ=","/7S8zb+gWEJHoABhi/T6Pqh09UHqY1QPF7USNsBoB/k=","zw9JKqUEbViTCBPAQiXxYEO7mg4B5NetdJmwX8+ZzQQ=","3OcO9SWrlPvmEW9HfmVr3jHy0HUur2b3W4Ayw4vjnEk=","njfEyZgvNLDUTGNfPpjSzu6HHxwiprmiECqHoJodTkM=","mkc4H5DTNBiqbVgN0ZuPu/NxRYtaTKI1zzeiB0a/Jv0=","qSk/neoTrqhrNBmfUeb2v0uYNy+jIN4Ff/jPM1Xp7Is=","desAaOubm5kKEOqnjLupZjEAUEpN6O+CbCf8CZbGRCU=","2r5umthzKWlhSBOd15PKvuzZ9ET5xksD7WEY5lOG5O4=","g4aM8h69CcnTxbyPANBIyZLUxcJkGS0K9RLZ+i0/vcA=","C+LNZ9LeZvrxJemApFJWbq9ha/APAWsH/DXs1FFqCdc=","lnT9ldAWh5skj+7YIQPhWFjEgCm+AgbSnHUOgF7bOlE=","DxnGAJm1ZaCE6DzBpYb86s6KfdkilPrJ07QUUuB0yAQ=","rIbuZg7PvhP86dt8Kg6EhGp6We5SChAduFlwHkhI460=","0QCtKXOPugD55ropgkmirUAWoY/Tx6q/B7vQCrpOth4=","qFAWklmWiDnMssGcOEaj/Ia2woUOEngqSkwLCrfTgWQ=","LvvIAP6M+KcPlJnlAEbhcIEZVbNyLgVPiXlt4kwwHTo=","3f4Bbfr/GWKohuDiIEQIcHZAdQHKJSFeNmrb3dPnNIY=","W8z8Z3sdH637SDVtTsyveA++4TiixKywdLXdFKTSWR4=","pA5i1j6Ly9Gs/ygXtki9d25GVBj0IBTUnT2aeh2+EF4=","ckDj0hLLr+/2bBpSixAA9TI7QikGfZ8LomKwcYCk31A=","Mv8wahwGQ7SguMhjsO5eSdRzJeGJD5OGGUr9cnP6Wdc=","6t3kLP2duwzmvN7l3ImFnTtFj/BNYCZHZIvVfbG2Aw4=","NaUeM09iO40djxvA8wQxF7ahpDvSWufinIG7OEr2DXI=","Pa4FVIETq9hrdT0ShxV4Et4XqA0YS4Oc2a93qyTfuT0=","ZMeSpholDtUvlZf6BLO4paCaouGAC0yAjKxedERZN8A=","w+ZLQwaST9F5pXs9ZNZvdQJN8Niz12zko70T9TBrzhA=","uFE3F44f6/eeftC1xXmtwhhHFIOIwd+p3mLYuhtCN58=","kbmwDA8SkACTrIIV+klGy9Rz7qNK0NgPsa9EmyoRp3A=","HVKx1dfyzM7/5Z7AXuBKmTO93rZKqtqsV/HHsBJymBs=","KEO2/hQ/sALeYn3PVCZvQ1b1tCY2WkKuGrDDw4nLyT4=","kyqHBqCMO/Lls0jeNM5gFCEvf9G/VSD8KBtpO8KP5sk=","b3UVhw0qCbpQU1Gc/SOFIoel3jX7jH8Y+2Ct/B+uSMM=","4EWyfuObie/lxIyMab0Bs1EW2pJVnF/ogFdDgWmjGaY=","RI0gIOiFa+zUVCjelFc+KYpvPSE5gjX1pvcssF1gsPs=","uhOqgkjv0hXxZqIsK4PqsFdS+1RmrOimf8iVQbm5Ias=","gwrMXLmierxDhPmJTfVAqeHs7N8cL3/bAIopiz9f2xo=","Bm7MES4uXv7TYD0Cb80Gl7K21KXn3F+R+WB39KMfOxc=","XAl2hck788LilU0PsB2xDdH5NG63DaA+ovDiV/bra90=","DQhYLaSDOMM9r30kxLN8IER7KpgDXxlEg9FBzSsYgb8=","y8TQ9IbsNkpxXMbA62QYTRn9gnakNciKif11g/1P1sM=","b+qTwUjVwtrFD3gNyTkHZh0931IsCM5D8PDNl4hm+vg=","++6C+bPhdzm0MHHeWtOnQBAmQkC6bQnumjFlbH7ud5c=","Zx5Ejg4N1FW88ImbZutjyiKtxXe2HUhmwKmVSSo+QfU=","qVdAVfi9mZrxDyBdsoYFDwkCE258oPZbcO9dlRkSNEo=","5XS5+VpkT6zb12jgpFOLMYsFcDZY8f9J0BwH5FFTHzE=","vV2D3tWYv4QXTqqVc3xe4eCJd0o5ntfQNREtDnRBqis=","GzVZt/MfqBbDDb3PCOU8FmLeW1SdNRiLuDpJxp4mZFk=","zx99eiD+cjvGxeanr0AQ6onNuzcoCUri85p4JyceyIA=","gFVlh2xShdSUKqIj+dVRI86nF7XLvXdHjat2pvjwPfk=","p6EiPgxLnIuauSb5rYuM3hueqxY69xNTcMuVpiAWfiA=","b3q41TL8CMVB8eL2UTCkGkdUR0VQoaAvCoxeBT2gWSU=","IfRS6sSRQNT5v/H3LMiquXXnWI6+R20PC3819iFn6xQ=","DRfG1/H936K9NIrhFi1DwXTPmpCuYxfVgcLdOTdD3W4=","LQkYCOTi9AvErAfu/ZfQ5CyC2bhGlGlbmJyFKLzW1pM=","pbhp+mdcElrGLlybaD6gSyNwfZmxiVdVMH8KBmEb7u8=","kW8h0OFNN3DyKQhlLkYmuc5F7GpYgBnTIcqGpKdgq1k=","arw2W9Y11lmf0svZwSY42vs8vnA1c/r6JkZMvVILwHA=","CXEXelRiVVIwmfJSDPtjXPaOOyuoNazc8oyITzb6YC4=","XPf5fwbPdHbXMXDQDsh8TWr6fnFT0/u9EpPzvK9ayFo=","SDTMsyranOirXAYWchDerOD4gi0iWukF+uIO87zuHT4=","M6o+3SAB42Q6QhBlFjIPbGwbxdzAam500+G1Sc2ZAnc=","Rh8KL1qHR8MB0koH9wTBQkVR/msPBPAd7RsvwLmXZZA=","AGYZJGBENN28+JIBrAH5trwRB3FndBS5W//RWINZdtM=","AyKqZlggzDMNAtFPu7+cILbulz0hbgClOQVlqZZWkuI=","mT4EJePEdq+dsO2sWOXQBHw1wNf7+Qmi2IHsH2Lp+8Q=","2kSS5xTK6J+wh9DkMtw1LpOAXvR+inHJ8Yb++ZOhws4=","Zf8cEq9sfweBuOsH1XeDYzTgjbgKJRDX/F/MF9C9otA=","K9ktijcvpMebnhaon7DjauK1WnRu2p9siH6zg8YoTKs=","reYJ2a2kGfNebjDsYx9IDIvkjpaFbCUAYm8XN/rbGSA=","U/jU+z07dGPDITIr8wiGe1LM3b78qDOJd3v+oot6nZk=","voOiH3YXJvEAiYgLYq+y9m0VYIDp+uGu61sttgt0BCI=","mOiN88jM7rq1OOw8K//4/xDQJH9XuUjcKVXfuCYQpQw=","4hKWCTmfa16525psztSN+Aw+dZ2GlFcDYm5GJUB+kwI=","n5/HlZggWbvR7a1wx5rZXl/G4jeaajXgv7aLlPzfCsY=","ZHxBWU7a2bqFjLZ8zceXX0WUWGH3wb0PcxRU6XuOY4c=","+rqHrcfLEElSThx4GwAHcV1biRyR4YIHyxJaHp1F8GU=","+TEfgF+/t6GhzgvvtfGA3D/TsYcuKGn781xJeX1dndY="],"block_size":4096,"path":"images/iconGrid.webp"},{"block_hashes":["CLtFhYS01nItKmOwZZPvABDhGDJH1JPyPKnq3cGpP1M="],"block_size":4096,"path":"images/lock.png"},{"block_hashes":["Zmq8jMRF6GoyIwC02P56qu2EEs6Q4xNYDfTdOUdhcHM="],"block_size":4096,"path":"images/star.png"},{"block_hashes":["/B11qVWReq1p8WdnW3CDkelgbrBp0zLcnKA5xBxOYFs=","0X/3G9N+ecgiEJoOwTB3ol6Zv5fQrR0mKsQ2Wou5l68=","OIPhMB41nAKzM2llAQL5qEbh+WfW1OB36R//qayePFw=","h3wOY9fhtNun1hzkzzf03ovl4egkp9i9EhBP9q/DXnM=","skJVBtaqT7dRsPcdmes7TwY7e5OTCffdQFL8OfBmegU=","iMhZML+9l5rG3kMiO1N7Do0OsIv2m3nXgMxnzc+IFi8=","tg5Mbgv1RPSfsGjHXyxvsU6EXqGsduyEJp3NPl9ypoU=","ZUVVccp1aNod4JYMpelYlo8PfcSri76lKYjfBmahTxY=","ZYFSlgjmD+54+oedK/ny4dGTNlfYTtfVwgOd9XqK56c="],"block_size":4096,"path":"images/top-left-logo-rtl.png"},{"block_hashes":["+dKvy9G4SLm/+4mopZpvEnT8JH+Fa+i2BN/ASdw5CD0=","7JLj4yIKpSXIBUB818IddvlKVmGwXzLn+c3gN7Qe2tg=","ul0zeyTTWtFk9Emi13YJDWih51kB4oI/pDcJpdFmUhM=","3hKV/NYvAy/PzsQX7jEmV9h0Lc1NqMv1ZGiqI3/meQ8=","ZmcucYHeuvWeKcDg3XCOjeTqvCzVrEnOxGZyUT8Htck=","Jn15aNYh1kxncdCGexQpoETr4guT9oQIX27exUyo6SM=","MIGE68tFtRbiBbrUmiWl+4bXYVxP95YGiPtKOetW2Hc=","fj6kUzRMDCNFnNX+7SE8KASOsmGJxYTP2frF9HB6Y7U=","alWBKM6S+w49rjt6fTYmIW/J9NQBI49Kgnh5F+YkPwQ="],"block_size":4096,"path":"images/top-left-logo.png"},{"block_hashes":["N5SXDpQF4x0RAc4ToaaFkYzi8TuY/Z4QSKfYq7H3C2c="],"block_size":4096,"path":"images/twister-closed-rtl.png"},{"block_hashes":["vlC11qPcvms793s1K0tQ8Cmbm4ypR0H3GgQDHlmkab8="],"block_size":4096,"path":"images/twister-closed.png"},{"block_hashes":["DfxIdiMHCdvdch2JBcOYHQkyLeUW8ebXVuI4YVH6qxg="],"block_size":4096,"path":"images/twister-open.png"},{"block_hashes":["a1D/K6clJG61JxfmjOFWqxTCkRy0Hgg82JJdic+pXOA="],"block_size":4096,"path":"import-export.html"},{"block_hashes":["2Wq5g4SCA7tFnay5v7vhGX3nBM4CE9HNHc7F6fsOaIM="],"block_size":4096,"path":"onetab.css"},{"block_hashes":["IDDXbV/wSg0ur7beo3s0Eh5XKh4Gs7tWO3dPwdYYhWY="],"block_size":4096,"path":"onetab.html"},{"block_hashes":["uGOqcYC80HUCenhdioItylf1uABcScZr22SJZU4FJvI="],"block_size":4096,"path":"options.html"}],"version":2}