{"file_hashes":[{"block_hashes":["p/D2KRujfLa0AoWjCsyRfYqDj5PoyfQNKqQMS+00AG0="],"block_size":4096,"path":"background.html"},{"block_hashes":["95QJFVAmfyMsgqogruuKhpHXxwQ4mjdoH0eX6fEnCjs=","BTlOegMRtI0XZRQd8nMNOcl6DUGl69KSlPbNyHhrP6Q="],"block_size":4096,"path":"background.js"},{"block_hashes":["QG1bSjTWgOwJqHElT3gzeOdV6ZSmuHp1Xr1+eybgjiU=","jp0HMEnAlvgnfy3C+u9OzQLAMzEsHzGoaCDF6iFEXjU=","na3sf21DTSswa32Y8bxEUVFHFXFc3hPEG/e2RQr6ix4=","tTZNO5iAe8gFhLzxZ5M4wp1LiD9o1Ws4K1or1dtABPY=","VHduFESfjtBfNi0dHLBjLZ/RAXuxmGQYyue1Wiaz3vg=","ooZ7MeoZRIJ0/ObFwFjuIbOECktFhRChYLo6BFC4urs=","UwQqxEITMH18yfU57krpvazuVUxKL5MnzxkG68m2Pjs=","5mbM1eZtZWHbrsn6MboKR3p87Yq0vH8pwI31T/X2xKA=","QEs266WbgR38rjOm1XzojfgsvUi/y9/Xa9hgTp6ANRY="],"block_size":4096,"path":"content.js"},{"block_hashes":["jwweZXnNVwUXTFH25A0ENhvYY4tK4kyhSBMIydtn6IQ=","dAyQojIc9NJ0XNqd6vFN506vJg+8CfUudxyHILcO6IU=","fT7UnmiVX+fte2A9XvM4XDmwP2ZX3rUVLHZ6qd5HWQ8="],"block_size":4096,"path":"css/content.css"},{"block_hashes":["JSuBAy2Y5hP8O+DyfDbowHa5Qa+EtdrqrkumzaemlvA=","szoaC2gXHQ6uSL9/9b4xHKiR+sdU77dPQiza3hJTU0w="],"block_size":4096,"path":"css/main.css"},{"block_hashes":["iDsP6IKz18uvFzDJHgCMNX8UVBqS4ppeaYafMEz0IN0=","Z6AnJ53rW5rLPbrGErNwct6iAaIZzmMs/7QJEPbAB2Q=","A7lGvg7ZSHcGUUxorRP6Le1RLyPyyLpQaZIHPgEt/Gk=","P+p7UAY9mjjnzYUWDnAT5CRGANTRu6OTzUuQH3ZqhvY=","0F21GFGEYbdnp8iIAJutUhG+AEtrQNJrvEtV86ka0Uo="],"block_size":4096,"path":"icons/calculatorplus_icon-128px copy.png"},{"block_hashes":["0HHwpySDvkkcKB5sbYXddFqqoy5NWZaDkL5oIxu6otk="],"block_size":4096,"path":"icons/sprites/icons-sprite.png"},{"block_hashes":["AqtkQtxltIQqMNAcFWdWHR8Tp/iyXOtDsVrs2swgNYI="],"block_size":4096,"path":"icons/sprites/icons-sprite@2x.png"},{"block_hashes":["q+OzmXvGUmj42bUNwpYlAM5w2nIyWdj5IJI1No8mmiQ=","+Cm3A5IRwHLs5fYyW5czxraU0EMZLBqVog256kE3c/w=","IDpBNK+tFzkfKCg+VHCuOngRcT0x0Mr6MC00Ub49nb8=","r7aaVoALKaVd+V6rcGVpcMJOcQ7QWK/3Oe7vTahunDU="],"block_size":4096,"path":"js/popup.js"},{"block_hashes":["5E8iMXwW3Z7K2rlaEbo0mleaaWRTCd+Lb0dmKCbsi2c="],"block_size":4096,"path":"popup.html"}],"version":2}