{"file_hashes":[{"block_hashes":["hlwkU9MIBS+2YXtCG0aIpHefXbuci/J4dgjd+dHfcPo=","hvyHWS9dpFdAhGfFvOq5QuU+ZOq5JcKoWJKvZsFhJ9o="],"block_size":4096,"path":"48.png"},{"block_hashes":["r54sTulUNkRyJa0a6imWIXI2ZOWhxLutHeZYsFV/jJE=","MqMCBA1GPLt989szX9COc5YbFy06wbRfMUwu/BHTyrc="],"block_size":4096,"path":"60x60.png"},{"block_hashes":["gNLUhY9mL+4SOtR9aMNpT+AUj9uaJ8eLDhtQb18nGl8=","3h0+O8WnqP+APb3sv1M9OzYKxvwY4O30d1ff996/uK8=","NlRtBmksfJNR15ICRIEkl7SPKWRHtSJxnmDzRmqQfFg="],"block_size":4096,"path":"96x96.png"},{"block_hashes":["W0o9gQiv/0x/P/xJ5dyvYJex3bs3TGHAyZT9mr61ktc="],"block_size":4096,"path":"FuckCSDN.js"},{"block_hashes":["khvDJYwjq1eC6EQQmpC61S5WZKr1AdO11FdrIXdp5Kg=","Igjt0r8J/kMMUGo81blpOKOWuF8n1zUz7LAQpxmf3ek=","bRrFXn+2vuFIoVIwkrpQZ26/2rfcP1yD1Y5gOH5DgJ0=","YREw3vzC7BveK9Iv+kK0xpMJGWRr+mkS6wgHhsE+NZE=","I56TAiDygZLyMUzQZ6E2/rbEcRi66xDaUHdoyV1enHY=","c8mi3NSUXYlAUrfvtn7I3Kem1YMaF40l6C60e5Goe4k=","jbk+M78RwlczOr8egQBKulpEfaXpdKOnrOox4h03G3Q=","uxg+9tIfyTbulBvc34G52sKmRUYBTYOBJZftVxLlJi8=","7/aI+HPD3OhZjTKbrCftpI0gevsto9VS4ib+w0n40Vg=","Uj6yFjqNcYZw+EfrzgAXF3qtY4Ru10KwFtwxPvgN9pc=","uqrKGYY6miyfDYx+YeyOkAm5hFq//pN5BqNdzyGSnic=","AtbPKK1IxQ7p/iTaMOcGchFU1u4AmebEAC5rQRIiaXs=","D829BU9eDO86ZMDBhhEgu5w4V0ONeCy3H+7ErUyYNm8=","pX+tFWquqEGfqwHQMorIPDTMF6o2T3mzOgAgu/U0T2U=","KCDEq7loEXWDr/AcDrUwkmoPKTMihY9NRbNQp31FWps=","SoCLTxfKO7hV38ukeRtNEWQLC9vdj2TgfIbopXT198o=","KHVl2cqcgJGjAJXOqy2nmP3erYuEBjdqlGvMxjswk80=","vNNZG9bZAbaZCwu9ohyTHXk+7y0/tGk75KTWlA2w+d0=","e6Z/JIupGOnMzMUJSaVl6a3sscPqt8wqMJUuqqgthnk=","yNA/SIFIhoYMtP4ObqQS1to63vvMByJsMKNjDEcxjb0=","A873K0ARFkIz5R6C7yX1fHnj0LWTFCEfwulxJkJm9Lg=","4/up0+yC11xIbjsf3jvatmzzPelinTUwTKpwp65RzUs="],"block_size":4096,"path":"jquery-3.2.1.min.js"},{"block_hashes":["jePgW91PZulNRpjToiOUfF599mAPAKD+tVZC+EV0IiY="],"block_size":4096,"path":"js/clearPaster.js"},{"block_hashes":["2w3TkAt0UDIa8dcxw1TXjpUxge1jOMqzNwAE80cCbzA="],"block_size":4096,"path":"js/crxTool.js"},{"block_hashes":["3naVrnEs0TY6CKQD5BPWohZEtZcxrcmicg2OKi16Vz8="],"block_size":4096,"path":"show.html"}],"version":2}